<?xml version="1.0" encoding="UTF-8"?>
<GenRun Id="FREQBL_dlmb_bram_if_cntlr_0_synth_1" LaunchPart="xc7z020clg400-1" LaunchTime="1736788276">
  <File Type="PA-TCL" Name="FREQBL_dlmb_bram_if_cntlr_0.tcl"/>
  <File Type="REPORTS-TCL" Name="FREQBL_dlmb_bram_if_cntlr_0_reports.tcl"/>
  <File Type="RDS-RDS" Name="FREQBL_dlmb_bram_if_cntlr_0.vds"/>
  <File Type="RDS-DCP" Name="FREQBL_dlmb_bram_if_cntlr_0.dcp"/>
  <FileSet Name="sources" Type="BlockSrcs" RelSrcDir="$PSRCDIR/FREQBL_dlmb_bram_if_cntlr_0">
    <File Path="$PSRCDIR/sources_1/bd/FREQBL/ip/FREQBL_dlmb_bram_if_cntlr_0/FREQBL_dlmb_bram_if_cntlr_0.xci">
      <FileInfo>
        <Attr Name="ImportPath" Val="$PPRDIR/../FreqSoloMicroBlaze/FreqSoloMicroBlaze.srcs/sources_1/bd/FREQBL/ip/FREQBL_dlmb_bram_if_cntlr_0/FREQBL_dlmb_bram_if_cntlr_0.xci"/>
        <Attr Name="ImportTime" Val="1737489346"/>
        <Attr Name="UsedIn" Val="synthesis"/>
        <Attr Name="UsedIn" Val="implementation"/>
        <Attr Name="UsedIn" Val="simulation"/>
      </FileInfo>
    </File>
    <Config>
      <Option Name="TopModule" Val="FREQBL_dlmb_bram_if_cntlr_0"/>
      <Option Name="UseBlackboxStub" Val="1"/>
    </Config>
  </FileSet>
  <FileSet Name="constrs_in" Type="BlockSrcs" RelSrcDir="$PSRCDIR/FREQBL_dlmb_bram_if_cntlr_0">
    <File Path="$PSRCDIR/sources_1/bd/FREQBL/ip/FREQBL_dlmb_bram_if_cntlr_0/FREQBL_dlmb_bram_if_cntlr_0.xci">
      <FileInfo>
        <Attr Name="ImportPath" Val="$PPRDIR/../FreqSoloMicroBlaze/FreqSoloMicroBlaze.srcs/sources_1/bd/FREQBL/ip/FREQBL_dlmb_bram_if_cntlr_0/FREQBL_dlmb_bram_if_cntlr_0.xci"/>
        <Attr Name="ImportTime" Val="1737489346"/>
        <Attr Name="UsedIn" Val="synthesis"/>
        <Attr Name="UsedIn" Val="implementation"/>
        <Attr Name="UsedIn" Val="simulation"/>
      </FileInfo>
    </File>
    <Config>
      <Option Name="TopModule" Val="FREQBL_dlmb_bram_if_cntlr_0"/>
      <Option Name="UseBlackboxStub" Val="1"/>
    </Config>
  </FileSet>
  <FileSet Name="utils" Type="Utils" RelSrcDir="$PSRCDIR/utils_1">
    <Filter Type="Utils"/>
    <File Path="$PPRDIR/../TrabajoSEI/ignorarErrores.tcl">
      <FileInfo>
        <Attr Name="UsedIn" Val="synthesis"/>
        <Attr Name="UsedIn" Val="implementation"/>
        <Attr Name="UsedIn" Val="simulation"/>
        <Attr Name="UsedInSteps" Val="impl_1;INIT_DESIGN;TCL.PRE"/>
        <Attr Name="UsedInSteps" Val="impl_1;WRITE_BITSTREAM;TCL.PRE"/>
      </FileInfo>
    </File>
    <Config>
      <Option Name="TopAutoSet" Val="TRUE"/>
    </Config>
  </FileSet>
  <Strategy Version="1" Minor="2">
    <StratHandle Name="Vivado Synthesis Defaults" Flow="Vivado Synthesis 2021"/>
    <Step Id="synth_design"/>
  </Strategy>
</GenRun>
