<?xml version="1.0" encoding="UTF-8"?>
<GenRun Id="impl_1" LaunchPart="xc7z020clg400-1" LaunchTime="1737489609">
  <File Type="ROUTE-PWR" Name="FREQBL_wrapper_power_routed.rpt"/>
  <File Type="PA-TCL" Name="FREQBL_wrapper.tcl"/>
  <File Type="BITSTR-MMI" Name="FREQBL_wrapper.mmi"/>
  <File Type="OPT-METHODOLOGY-DRC" Name="FREQBL_wrapper_methodology_drc_opted.rpt"/>
  <File Type="INIT-TIMING" Name="FREQBL_wrapper_timing_summary_init.rpt"/>
  <File Type="ROUTE-PWR-SUM" Name="FREQBL_wrapper_power_summary_routed.pb"/>
  <File Type="REPORTS-TCL" Name="FREQBL_wrapper_reports.tcl"/>
  <File Type="OPT-TIMING" Name="FREQBL_wrapper_timing_summary_opted.rpt"/>
  <File Type="OPT-DCP" Name="FREQBL_wrapper_opt.dcp"/>
  <File Type="OPT-DRC" Name="FREQBL_wrapper_drc_opted.rpt"/>
  <File Type="OPT-HWDEF" Name="FREQBL_wrapper.hwdef"/>
  <File Type="PWROPT-DCP" Name="FREQBL_wrapper_pwropt.dcp"/>
  <File Type="PWROPT-DRC" Name="FREQBL_wrapper_drc_pwropted.rpt"/>
  <File Type="PWROPT-TIMING" Name="FREQBL_wrapper_timing_summary_pwropted.rpt"/>
  <File Type="PLACE-DCP" Name="FREQBL_wrapper_placed.dcp"/>
  <File Type="PLACE-IO" Name="FREQBL_wrapper_io_placed.rpt"/>
  <File Type="PLACE-CLK" Name="FREQBL_wrapper_clock_utilization_placed.rpt"/>
  <File Type="PLACE-UTIL" Name="FREQBL_wrapper_utilization_placed.rpt"/>
  <File Type="PLACE-UTIL-PB" Name="FREQBL_wrapper_utilization_placed.pb"/>
  <File Type="PLACE-CTRL" Name="FREQBL_wrapper_control_sets_placed.rpt"/>
  <File Type="PLACE-SIMILARITY" Name="FREQBL_wrapper_incremental_reuse_placed.rpt"/>
  <File Type="PLACE-PRE-SIMILARITY" Name="FREQBL_wrapper_incremental_reuse_pre_placed.rpt"/>
  <File Type="BG-BIN" Name="FREQBL_wrapper.bin"/>
  <File Type="PLACE-TIMING" Name="FREQBL_wrapper_timing_summary_placed.rpt"/>
  <File Type="POSTPLACE-PWROPT-DCP" Name="FREQBL_wrapper_postplace_pwropt.dcp"/>
  <File Type="BITSTR-MSK" Name="FREQBL_wrapper.msk"/>
  <File Type="POSTPLACE-PWROPT-TIMING" Name="FREQBL_wrapper_timing_summary_postplace_pwropted.rpt"/>
  <File Type="PHYSOPT-DCP" Name="FREQBL_wrapper_physopt.dcp"/>
  <File Type="PHYSOPT-DRC" Name="FREQBL_wrapper_drc_physopted.rpt"/>
  <File Type="BITSTR-RBT" Name="FREQBL_wrapper.rbt"/>
  <File Type="PHYSOPT-TIMING" Name="FREQBL_wrapper_timing_summary_physopted.rpt"/>
  <File Type="ROUTE-ERROR-DCP" Name="FREQBL_wrapper_routed_error.dcp"/>
  <File Type="ROUTE-DCP" Name="FREQBL_wrapper_routed.dcp"/>
  <File Type="ROUTE-BLACKBOX-DCP" Name="FREQBL_wrapper_routed_bb.dcp"/>
  <File Type="ROUTE-DRC" Name="FREQBL_wrapper_drc_routed.rpt"/>
  <File Type="ROUTE-DRC-PB" Name="FREQBL_wrapper_drc_routed.pb"/>
  <File Type="ROUTE-DRC-RPX" Name="FREQBL_wrapper_drc_routed.rpx"/>
  <File Type="ROUTE-METHODOLOGY-DRC" Name="FREQBL_wrapper_methodology_drc_routed.rpt"/>
  <File Type="ROUTE-METHODOLOGY-DRC-RPX" Name="FREQBL_wrapper_methodology_drc_routed.rpx"/>
  <File Type="ROUTE-METHODOLOGY-DRC-PB" Name="FREQBL_wrapper_methodology_drc_routed.pb"/>
  <File Type="ROUTE-PWR-RPX" Name="FREQBL_wrapper_power_routed.rpx"/>
  <File Type="ROUTE-STATUS" Name="FREQBL_wrapper_route_status.rpt"/>
  <File Type="ROUTE-STATUS-PB" Name="FREQBL_wrapper_route_status.pb"/>
  <File Type="ROUTE-TIMINGSUMMARY" Name="FREQBL_wrapper_timing_summary_routed.rpt"/>
  <File Type="ROUTE-TIMING-PB" Name="FREQBL_wrapper_timing_summary_routed.pb"/>
  <File Type="ROUTE-TIMING-RPX" Name="FREQBL_wrapper_timing_summary_routed.rpx"/>
  <File Type="ROUTE-SIMILARITY" Name="FREQBL_wrapper_incremental_reuse_routed.rpt"/>
  <File Type="ROUTE-CLK" Name="FREQBL_wrapper_clock_utilization_routed.rpt"/>
  <File Type="ROUTE-BUS-SKEW" Name="FREQBL_wrapper_bus_skew_routed.rpt"/>
  <File Type="ROUTE-BUS-SKEW-PB" Name="FREQBL_wrapper_bus_skew_routed.pb"/>
  <File Type="ROUTE-BUS-SKEW-RPX" Name="FREQBL_wrapper_bus_skew_routed.rpx"/>
  <File Type="POSTROUTE-PHYSOPT-DCP" Name="FREQBL_wrapper_postroute_physopt.dcp"/>
  <File Type="POSTROUTE-PHYSOPT-BLACKBOX-DCP" Name="FREQBL_wrapper_postroute_physopt_bb.dcp"/>
  <File Type="POSTROUTE-PHYSOPT-TIMING" Name="FREQBL_wrapper_timing_summary_postroute_physopted.rpt"/>
  <File Type="POSTROUTE-PHYSOPT-TIMING-PB" Name="FREQBL_wrapper_timing_summary_postroute_physopted.pb"/>
  <File Type="POSTROUTE-PHYSOPT-TIMING-RPX" Name="FREQBL_wrapper_timing_summary_postroute_physopted.rpx"/>
  <File Type="POSTROUTE-PHYSOPT-BUS-SKEW" Name="FREQBL_wrapper_bus_skew_postroute_physopted.rpt"/>
  <File Type="BG-BIT" Name="FREQBL_wrapper.bit"/>
  <File Type="POSTROUTE-PHYSOPT-BUS-SKEW-PB" Name="FREQBL_wrapper_bus_skew_postroute_physopted.pb"/>
  <File Type="POSTROUTE-PHYSOPT-BUS-SKEW-RPX" Name="FREQBL_wrapper_bus_skew_postroute_physopted.rpx"/>
  <File Type="BITSTR-NKY" Name="FREQBL_wrapper.nky"/>
  <File Type="BITSTR-BMM" Name="FREQBL_wrapper_bd.bmm"/>
  <File Type="PDI-FILE" Name="FREQBL_wrapper.pdi"/>
  <File Type="RCFI_FILE" Name="FREQBL_wrapper.rcfi"/>
  <File Type="CFI_FILE" Name="FREQBL_wrapper.cfi"/>
  <File Type="RNPI_FILE" Name="FREQBL_wrapper.rnpi"/>
  <File Type="NPI_FILE" Name="FREQBL_wrapper.npi"/>
  <File Type="RBD_FILE" Name="FREQBL_wrapper.rbd"/>
  <File Type="BITSTR-LTX" Name="debug_nets.ltx"/>
  <File Type="BITSTR-LTX" Name="FREQBL_wrapper.ltx"/>
  <File Type="BITSTR-SYSDEF" Name="FREQBL_wrapper.sysdef"/>
  <File Type="BG-BGN" Name="FREQBL_wrapper.bgn"/>
  <File Type="BG-DRC" Name="FREQBL_wrapper.drc"/>
  <File Type="RDI-RDI" Name="FREQBL_wrapper.vdi"/>
  <File Type="WBT-USG" Name="usage_statistics_webtalk.html"/>
  <FileSet Name="sources" Type="DesignSrcs" RelSrcDir="$PSRCDIR/sources_1" RelGenDir="$PGENDIR/sources_1">
    <Filter Type="Srcs"/>
    <File Path="$PSRCDIR/sources_1/bd/FREQBL/FREQBL.bd">
      <FileInfo>
        <Attr Name="ImportPath" Val="$PPRDIR/../FreqSoloMicroBlaze/FreqSoloMicroBlaze.srcs/sources_1/bd/FREQBL/FREQBL.bd"/>
        <Attr Name="ImportTime" Val="1737489348"/>
        <Attr Name="UsedIn" Val="synthesis"/>
        <Attr Name="UsedIn" Val="implementation"/>
        <Attr Name="UsedIn" Val="simulation"/>
      </FileInfo>
    </File>
    <File Path="$PSRCDIR/sources_1/imports/FREQBL_wrapper.v">
      <FileInfo>
        <Attr Name="ImportPath" Val="$PPRDIR/../FreqSoloMicroBlaze/FreqSoloMicroBlaze.gen/sources_1/bd/FREQBL/hdl/FREQBL_wrapper.v"/>
        <Attr Name="ImportTime" Val="1737382226"/>
        <Attr Name="UsedIn" Val="synthesis"/>
        <Attr Name="UsedIn" Val="implementation"/>
        <Attr Name="UsedIn" Val="simulation"/>
      </FileInfo>
    </File>
    <Config>
      <Option Name="DesignMode" Val="RTL"/>
      <Option Name="TopModule" Val="FREQBL_wrapper"/>
      <Option Name="TopAutoSet" Val="TRUE"/>
    </Config>
  </FileSet>
  <FileSet Name="constrs_in" Type="Constrs" RelSrcDir="$PSRCDIR/constrs_1">
    <Filter Type="Constrs"/>
    <Config>
      <Option Name="ConstrsType" Val="XDC"/>
    </Config>
  </FileSet>
  <FileSet Name="utils" Type="Utils" RelSrcDir="$PSRCDIR/utils_1">
    <Filter Type="Utils"/>
    <File Path="$PPRDIR/ignorarErrores.tcl">
      <FileInfo>
        <Attr Name="UsedIn" Val="synthesis"/>
        <Attr Name="UsedIn" Val="implementation"/>
        <Attr Name="UsedIn" Val="simulation"/>
        <Attr Name="UsedInSteps" Val="impl_1;INIT_DESIGN;TCL.PRE"/>
        <Attr Name="UsedInSteps" Val="impl_1;WRITE_BITSTREAM;TCL.PRE"/>
      </FileInfo>
    </File>
    <Config>
      <Option Name="TopAutoSet" Val="TRUE"/>
    </Config>
  </FileSet>
  <Strategy Version="1" Minor="2">
    <StratHandle Name="Vivado Implementation Defaults" Flow="Vivado Implementation 2021">
      <Desc>Default settings for Implementation.</Desc>
    </StratHandle>
    <Step Id="init_design" PreStepTclHook="$PPRDIR/ignorarErrores.tcl"/>
    <Step Id="opt_design"/>
    <Step Id="power_opt_design"/>
    <Step Id="place_design"/>
    <Step Id="post_place_power_opt_design"/>
    <Step Id="phys_opt_design"/>
    <Step Id="route_design"/>
    <Step Id="post_route_phys_opt_design"/>
    <Step Id="write_bitstream" PreStepTclHook="$PPRDIR/ignorarErrores.tcl"/>
  </Strategy>
  <BlockFileSet Type="BlockSrcs" Name="FREQBL_rst_clk_wiz_1_100M_0"/>
  <BlockFileSet Type="BlockSrcs" Name="FREQBL_lmb_bram_0"/>
  <BlockFileSet Type="BlockSrcs" Name="FREQBL_microblaze_0_0"/>
  <BlockFileSet Type="BlockSrcs" Name="FREQBL_axi_timer_0_0"/>
  <BlockFileSet Type="BlockSrcs" Name="FREQBL_ilmb_bram_if_cntlr_0"/>
  <BlockFileSet Type="BlockSrcs" Name="FREQBL_mdm_1_0"/>
  <BlockFileSet Type="BlockSrcs" Name="FREQBL_ilmb_v10_0"/>
  <BlockFileSet Type="BlockSrcs" Name="FREQBL_xbar_0"/>
  <BlockFileSet Type="BlockSrcs" Name="FREQBL_clk_wiz_1_0"/>
  <BlockFileSet Type="BlockSrcs" Name="FREQBL_dlmb_bram_if_cntlr_0"/>
  <BlockFileSet Type="BlockSrcs" Name="FREQBL_dlmb_v10_0"/>
</GenRun>
