<?xml version="1.0" encoding="UTF-8"?>
<GenRun Id="synth_1" LaunchPart="xc7z020clg400-1" LaunchTime="1737382231">
  <File Type="PA-TCL" Name="FREQBL_wrapper.tcl"/>
  <File Type="REPORTS-TCL" Name="FREQBL_wrapper_reports.tcl"/>
  <File Type="RDS-RDS" Name="FREQBL_wrapper.vds"/>
  <File Type="RDS-UTIL" Name="FREQBL_wrapper_utilization_synth.rpt"/>
  <File Type="RDS-UTIL-PB" Name="FREQBL_wrapper_utilization_synth.pb"/>
  <File Type="RDS-DCP" Name="FREQBL_wrapper.dcp"/>
  <FileSet Name="sources" Type="DesignSrcs" RelSrcDir="$PSRCDIR/sources_1" RelGenDir="$PGENDIR/sources_1">
    <Filter Type="Srcs"/>
    <File Path="$PSRCDIR/sources_1/bd/FREQBL/FREQBL.bd">
      <FileInfo>
        <Attr Name="ImportPath" Val="$PPRDIR/../FreqSoloMicroBlaze/FreqSoloMicroBlaze.srcs/sources_1/bd/FREQBL/FREQBL.bd"/>
        <Attr Name="ImportTime" Val="1737489348"/>
        <Attr Name="UsedIn" Val="synthesis"/>
        <Attr Name="UsedIn" Val="implementation"/>
        <Attr Name="UsedIn" Val="simulation"/>
      </FileInfo>
    </File>
    <File Path="$PSRCDIR/sources_1/imports/FREQBL_wrapper.v">
      <FileInfo>
        <Attr Name="ImportPath" Val="$PPRDIR/../FreqSoloMicroBlaze/FreqSoloMicroBlaze.gen/sources_1/bd/FREQBL/hdl/FREQBL_wrapper.v"/>
        <Attr Name="ImportTime" Val="1737382226"/>
        <Attr Name="UsedIn" Val="synthesis"/>
        <Attr Name="UsedIn" Val="implementation"/>
        <Attr Name="UsedIn" Val="simulation"/>
      </FileInfo>
    </File>
    <Config>
      <Option Name="DesignMode" Val="RTL"/>
      <Option Name="TopModule" Val="FREQBL_wrapper"/>
      <Option Name="TopAutoSet" Val="TRUE"/>
    </Config>
  </FileSet>
  <FileSet Name="constrs_in" Type="Constrs" RelSrcDir="$PSRCDIR/constrs_1">
    <Filter Type="Constrs"/>
    <Config>
      <Option Name="ConstrsType" Val="XDC"/>
    </Config>
  </FileSet>
  <FileSet Name="utils" Type="Utils" RelSrcDir="$PSRCDIR/utils_1">
    <Filter Type="Utils"/>
    <File Path="$PPRDIR/../TrabajoSEI/ignorarErrores.tcl">
      <FileInfo>
        <Attr Name="UsedIn" Val="synthesis"/>
        <Attr Name="UsedIn" Val="implementation"/>
        <Attr Name="UsedIn" Val="simulation"/>
        <Attr Name="UsedInSteps" Val="impl_1;INIT_DESIGN;TCL.PRE"/>
        <Attr Name="UsedInSteps" Val="impl_1;WRITE_BITSTREAM;TCL.PRE"/>
      </FileInfo>
    </File>
    <Config>
      <Option Name="TopAutoSet" Val="TRUE"/>
    </Config>
  </FileSet>
  <Strategy Version="1" Minor="2">
    <StratHandle Name="Vivado Synthesis Defaults" Flow="Vivado Synthesis 2021"/>
    <Step Id="synth_design"/>
  </Strategy>
  <BlockFileSet Type="BlockSrcs" Name="FREQBL_rst_clk_wiz_1_100M_0"/>
  <BlockFileSet Type="BlockSrcs" Name="FREQBL_lmb_bram_0"/>
  <BlockFileSet Type="BlockSrcs" Name="FREQBL_microblaze_0_0"/>
  <BlockFileSet Type="BlockSrcs" Name="FREQBL_axi_timer_0_0"/>
  <BlockFileSet Type="BlockSrcs" Name="FREQBL_ilmb_bram_if_cntlr_0"/>
  <BlockFileSet Type="BlockSrcs" Name="FREQBL_mdm_1_0"/>
  <BlockFileSet Type="BlockSrcs" Name="FREQBL_ilmb_v10_0"/>
  <BlockFileSet Type="BlockSrcs" Name="FREQBL_xbar_0"/>
  <BlockFileSet Type="BlockSrcs" Name="FREQBL_clk_wiz_1_0"/>
  <BlockFileSet Type="BlockSrcs" Name="FREQBL_dlmb_bram_if_cntlr_0"/>
  <BlockFileSet Type="BlockSrcs" Name="FREQBL_dlmb_v10_0"/>
</GenRun>
